442,1063年
675,1127年生
744,1147年生
778,1157年生
901,1192年没
922,1199年没
8203865,11世紀の日本の設立
1027,1225年没
8218945,12世紀の女性統治者
8329826,12世紀アジアの統治者
8354086,12世紀日本の天皇
8178205,12世紀日本の女性
8266311,12世紀日本の政治家
8117944,1393年設立
8218996,13世紀の女性統治者
8331353,13世紀アジアの統治者
8178087,13世紀日本の女性
8266315,13世紀日本の政治家
8198065,14世紀の仏教寺院
8203874,14世紀の日本の設立
2183,1542年生
8295231,1560年代の絵画
2415,1606年生
2451,1616年没
2509,1631年生
8099019,1649年設立
2682,1680年没
2733,1695年没
8313112,16世紀アジアの統治者
8266323,16世紀日本の政治家
8299130,1753年に記載された植物
8203895,17世紀の日本の設立
8265395,17世紀の軍人
8311411,17世紀アジアの統治者
8266329,17世紀日本の政治家
8295100,1820年代の絵画
3230,1821年生
8208382,1848年革命の人物
7068445,1850年代の日本
7068433,1860年代の日本
8392180,1860年代日本の設立
3385,1861年没
8200513,1865年設立の組織
112845,1868年の日本
3413,1869年生
8272711,1876年3月
6317031,1876年の日本
132136,1876年の法
8245492,1889年設置の日本の市町村
83075,1890年代の小説
3649,1909年生
3714,1918年生
3810,1928年生
4400596,1935年設立の企業
3915,1937年生
8194733,1942年刊行開始の刊行物
91,1946年生
8086875,1946年開業の施設
130073,1947年の法
4376697,1947年設立の企業
130258,1948年の法
4381989,1949年設立の企業
4388242,1952年設立の企業
130217,1954年に廃止された法
4109,1954年没
4150533,1954年設立の企業
130375,1957年の法
4150,1957年生
130404,1958年の法
4165,1958年生
4387775,1959年設立の企業
4202,1960年生
6342536,1967年の作品
4376605,1967年設立の企業
4359,1970年代の特撮作品
4263326,1970年設立
8095020,1971年上場の企業
4379,1971年没
4406,1973年のテレビドラマ
4462,1976年生
6189144,1977年開業の施設
4488,1978年のテレビアニメ
8196813,1978年開設の博物館
4532,1980年代の特撮作品
4547,1981年のテレビドラマ
4548,1981年の映画
8184103,1981年開始のイベント
4565,1982年のテレビアニメ
7675757,1984年のパソコンゲーム
130108,1985年のOVA
4610,1985年のコンピュータゲーム
4634,1986年のテレビアニメ
4654,1987年のテレビドラマ
92971,1987年創刊の雑誌
4672,1988年のテレビアニメ
4680,1988年生
4696,1989年生
4716,1990年の映画
4723,1990年代の特撮作品
4738,1991年のテレビアニメ
129468,1993年のOVA
119,1993年生
8155843,1993年設立の組織
129475,1994年のOVA
5673728,1995年のアーケードゲーム
4819,1995年没
7679694,1996年のパソコンゲーム
174,1997年のコンピュータゲーム
81820,1997年の小説
8216817,1998年の漫画
4891,1999年のコンピュータゲーム
4897,1999年のテレビドラマ
8203910,19世紀の日本の設立
8223482,19世紀アイルランドの女優
8181665,19世紀フランスの画家
69413,2000年代のアメリカ合衆国のテレビアニメ
4963,2000年代の特撮作品
7442806,2001年のラジオ番組_(日本)
4985,2001年の映画
1412005,2001年設立の企業
128898,2002年のOVA
129057,2002年のテレビ番組_(日本)
8216481,2002年の漫画
8064849,2002年開設のウェブサイト
7856583,2003年7月
5029,2003年のテレビドラマ
65372,2003年の日本の事件
5053,2004年のテレビアニメ
8216421,2004年の漫画
3343216,2004年設立の企業
5080,2005年のテレビアニメ
8216389,2005年の漫画
1177039,2005年の舞台作品
1080137,2005年設立の企業
8063760,2005年開設のウェブサイト
5104,2006年のコンピュータゲーム
5109,2006年のテレビアニメ
5110,2006年のテレビドラマ
127980,2006年のテレビ番組_(日本)
8341015,2006年の合併と買収
8216378,2006年の漫画
5134,2007年のコンピュータゲーム
81791,2007年の小説
7445353,2009年1月
121193,2009年のOVA
60527,2009年のコンピュータゲーム
83092,2009年の日本の事件
5187,2009年の映画
8216390,2009年の漫画
8063817,2009年開設のウェブサイト
8173099,2010年に結成した音楽グループ
118682,2010年のOVA
81011,2010年のテレビアニメ
127976,2010年のテレビ番組_(日本)
8216363,2010年の漫画
94898,2010年代の特撮作品
115275,2010年代の玩具
5207,2011年のテレビドラマ
117325,2011年の小説
81246,2011年の映画
8216354,2011年の漫画
123786,2012年のテレビアニメ
753395,2012年のテレビ番組_(日本)
1094847,2012年の小説
116393,2012年の映画
8216361,2012年の漫画
946162,2012年没
1536789,2013年のコンピュータゲーム
2479125,2013年のテレビアニメ
130561,2013年のテレビドラマ
5081065,2014年のOVA
3027125,2014年のテレビドラマ
5379835,2015年のテレビアニメ
5350036,2015年のテレビドラマ
6650742,2015年のテレビ番組_(日本)
8178722,2015年廃止の企業
7579740,2016年のコンピュータゲーム
7295675,2016年のテレビアニメ
8216350,2016年の漫画
8080048,2017年のコンピュータゲーム
8069552,2017年のテレビアニメ
7823881,2017年のテレビドラマ
8098492,2017年のテレビ番組_(日本)
8104002,2017年の小説
8143747,2017年の日本のWebラジオ
8216368,2017年の漫画
8102975,2017年没
8101335,2018年のテレビアニメ
8150872,2019年のWebアニメ
8127108,2019年のテレビアニメ
8221998,2019新型コロナウイルス感染症
8152137,2020年のテレビアニメ
8144955,2020年のテレビ番組_(日本)
8232074,2021年のWebアニメ
8314540,20世紀の日本の設立
8218219,20世紀イタリアの著作家
96784,20世紀フォックスの作品
8185955,20世紀フランスの画家
8272354,20世紀日本の随筆家
8219726,21世紀イタリアの著作家
8272355,21世紀日本の随筆家
5623,2世紀
6844327,4人組の音楽グループ
7556,8月
8203542,A-Sketchのアニメ作品
8235629,AAG識別子が指定されている記事
7928,ABC
8235630,ADB識別子が指定されている記事
8170625,ADKグループのアニメ作品
8235631,AGSA識別子が指定されている記事
7953,AIC
7956,AKB48
7973,AT-Xのアニメ
128533,Androidのソフトウェア
133950,Android用ゲームソフト
8030,BDSM
8174747,BDSM器具
8061468,BIBSYS識別子が指定されている記事
8383803,BMLO識別子が指定されている記事
8235633,BNC識別子が指定されている記事
8156579,BNE識別子が指定されている記事
8383807,BNFdata識別子が指定されている記事
8061457,BNF識別子が指定されている記事
8364277,CANTICN識別子が指定されている記事
8232870,CINII識別子が指定されている記事
8129,CM
8383821,CRID識別子が指定されている記事
8358604,Classic_Mac_OS用ゲームソフト
8316742,Columns-list/列幅が指定されていない記事
8339487,Curlieリンクを使用している記事
8287197,DIB識別子が指定されている記事
8273640,DMM_GAMESのアニメ作品
8368029,DNA結合物質
8325724,DTBIO識別子が指定されている記事
8103499,Div_colで3列を指定しているページ
124402,EC_2.7.7
8325725,EMU識別子が指定されている記事
8128041,E_number_from_Wikidata
8374549,Eテレキッズ
8287192,FAST識別子が指定されている記事
75732,G20
8297636,G20加盟国
8061456,GND識別子が指定されている記事
8464,Google
918506,Googleのサービス
4822197,Googleのハードウェア
8286781,HAudioマイクロフォーマットがある記事
8233825,HDS識別子が指定されている記事
114177,HiBiKi_Radio_Station
8240466,ICCU識別子が指定されている記事
115616,IOSのソフトウェア
57889,IPhone用ゲームソフト
8117525,ISBNマジックリンクを使用しているページ
8061455,ISNI識別子が指定されている記事
8066223,ISO/IEC_80000
8064566,ISO/IEC標準
8064948,ISO_31
8540,ISO_3166
5524232,ISO_639
8541,ISO_8859
850626,ISO標準
7858211,Infobox_animanga/画像表示
8325729,J9U識別子が指定されている記事
8586,JIS
8383885,KANTO識別子が指定されている記事
8383889,KBR識別子が指定されている記事
8233813,KULTURNAV識別子が指定されている記事
8061454,LCCN識別子が指定されている記事
8233804,LNB識別子が指定されている記事
8745,Least_concern
8383907,Libris識別子が指定されている記事
8111395,LoVendoЯ
67203,M-line_club
8097764,MFコミックスのアニメ作品
8815,MSX/MSX2用ソフト
8853,Mixi
8383915,MoMA識別子が指定されている記事
8234801,MusicBrainz作品識別子が指定されている記事
8234786,MusicBrainz地域識別子が指定されている記事
8061458,MusicBrainz識別子が指定されている記事
8383919,Musée_d'Orsay識別子が指定されている記事
8233808,NARA識別子が指定されている記事
8376064,NATO加盟国
5390958,NBCユニバーサル・ジャパンのアニメ作品
8233814,NCL識別子が指定されている記事
8232963,NDL識別子が指定されている記事
8235635,NGV識別子が指定されている記事
8095167,NHKの短編アニメ
8065980,NHK教育テレビジョンのアニメ
8091723,NHK教育テレビジョンのミニ番組
8091698,NHK教育テレビジョンの人形劇
8017536,NHK教育テレビジョンの子供向け番組
7294329,NHK教育テレビジョンの帯番組
8226151,NHK教育テレビジョンの科学教育番組
8093765,NHK高校講座
8233805,NKC識別子が指定されている記事
8061465,NLA識別子が指定されている記事
8236601,NLG識別子が指定されている記事
8236602,NLK識別子が指定されている記事
8235638,NLR識別子が指定されている記事
8233806,NSK識別子が指定されている記事
8235639,NTA識別子が指定されている記事
8953,NYSE上場企業
8383921,National_Gallery_of_Canada識別子が指定されている記事
8978,ONE_PIECE
8980,ONE_PIECEの登場人物
8061470,ORCID識別子が指定されている記事
8296258,PBS_Kids
8362781,PEACH-PITの漫画作品
8288295,PLWABN識別子が指定されている記事
2879500,PlayStation_2用ソフト
2856507,PlayStation_3用ソフト
8061404,PlayStation_Now対応ソフト
2879524,PlayStation_Portable用ソフト
2871406,PlayStation用ソフト
8383932,Pleiades識別子が指定されている記事
8383938,PortugalA識別子が指定されている記事
8264074,Publons識別子が指定されている記事
127765,REINA
8233887,RKDID識別子が指定されている記事
8061469,RKDartists識別子が指定されている記事
8233812,RSL識別子が指定されている記事
8101321,Reflistで3列を指定しているページ
9114,R指定のアニメ
8260948,SMDEのアニメ作品
8089431,SMEJの映画作品
8123615,SNAC-ID識別子が指定されている記事
8233807,SUDOC識別子が指定されている記事
8325732,Scopus識別子が指定されている記事
5292741,Studio五組
8383950,Städel識別子が指定されている記事
8234784,TA98識別子が指定されている記事
88392,TBSのドキュメンタリー番組
72206,TBSのミニ番組
9276,TBSのローカル番組
6330193,TBSの一社提供番組
8070572,TBSの子供向け番組
90046,TBSの情報・ワイドショー番組
105310,TBSの教養番組
9279,TBSの深夜アニメ
9280,TBSの深夜番組
8071321,TBSの番組の歴史
77506,TBSラジオのバラエティ番組
8095254,TBSラジオの帯番組の歴史
5403020,TBSラジオの情報・ワイドショー番組
5487517,TBSラジオの音楽番組の歴史
9290,TBS木曜9時枠の連続ドラマ
9294,TBS系アニメ
2694533,TBS製作のUHFアニメ
9299,TBS金曜9時枠の連続ドラマ
8235641,TDVİA識別子が指定されている記事
8333025,TOPIX_100
8235642,TePapa識別子が指定されている記事
8283342,Timelineを使用しているページ
8262866,Titlestyleにbackgroundとtext-alignを両方指定しているcollapsible_list使用ページ
8235643,Trove識別子が指定されている記事
8331951,UBE_(企業)
9392,UHFアニメ
8061467,ULAN識別子が指定されている記事
8061453,VIAF識別子が指定されている記事
8243391,VcBA識別子が指定されている記事
8349954,WEBコミックアクション
2293796,WOWOW製作の映画
3096635,WWEに参戦したプロレスラー
10275,Web_2.0
8100138,Webarchiveテンプレートのウェイバックリンク
10296,Wikifyが必要な項目
7771291,Wikifyが必要な項目/2014年
8321167,Wikifyが必要な項目/2022年2月
10312,Windows用ゲームソフト
8383982,WorldCat_Entities識別子が指定されている記事
52348,YouTube
58271,℃-ute
1705730,あらすじの不十分な作品記事
122,いたずら・ぶっく
10442,うえきの法則
62701,うず
8144564,う蝕
55857,おじゃる丸
52199,おともだち
10490,お笑い芸人
7271057,かつての音響機器メーカー
63642,かつて存在した大阪府の企業
8070982,かつて存在した日本のコンビニエンスストア
82565,かつて存在した日本の工業製品メーカー
8079610,かつら
64796,くじ
10633,じゃんけん
8384552,すべてのスタブ記事
86836,すべての曖昧さ回避
78334,それいけ!アンパンマン映画作品
52198,たのしい幼稚園
4958353,たばこ対策関連団体
96872,ちゃおの漫画作品
8095393,ちゃおコミックスのアニメ作品
10671,つる植物
8095386,てんとう虫コミックスのアニメ作品
79563,ばね
115905,ひみつ道具
8220749,まんがタイムきららの4コマ漫画作品
524259,みどり会
7715069,めっき
120,めばえ
116063,りぼんの漫画作品
10835,ろうそく
108488,ろ過
8363122,アイゴ科
10910,アイドル
8320277,アイドル出身の俳優
8278488,アウグスト・フェルディナント・メビウス
8200767,アカデミック・スキャンダル
11062,アクションゲーム
7614748,アクションシューティングゲーム
11103,アジアの国
11104,アジアの地域
11123,アジアの港町
11142,アジアの食文化
76529,アスキーのゲームソフト
8070909,アスミック・エースのアニメ作品
158,アップフロントグループ
125792,アテネ経済大学
11280,アドベンチャーゲーム
11285,アナトリア
11294,アニマックスのアニメ
59,アニメに関するスタブ
2510736,アニメのシリーズ
11304,アニメの登場人物の一覧
11324,アニメ作品_あ
11325,アニメ作品_い
11328,アニメ作品_お
11332,アニメ作品_け
11333,アニメ作品_こ
11339,アニメ作品_た
11344,アニメ作品_な
11351,アニメ作品_ふ
11352,アニメ作品_へ
11354,アニメ作品_ま
11356,アニメ作品_む
11357,アニメ作品_め
11358,アニメ作品_も
11359,アニメ作品_や
11366,アニメ作品_ろ
11377,アニラジ
8346540,アフタヌーンKCのアニメ作品
11452,アフリカの食文化
7467305,アミューズのアニメ作品
8271431,アミューズメントメディア総合学院のアニメ作品
8283292,アメリカ合衆国のSFテレビドラマ
11579,アメリカ合衆国のインターネット企業
2921323,アメリカ合衆国のウェブサイト
8168627,アメリカ合衆国のクリスマス映画
110773,アメリカ合衆国のコンビニエンスストア
8285782,アメリカ合衆国のシットコム
2599621,アメリカ合衆国のスリラー映画
3439010,アメリカ合衆国のファンタジー映画
2569522,アメリカ合衆国のホラー映画
2936657,アメリカ合衆国の不法行為法
8368741,アメリカ合衆国の化粧品メーカー・ブランド
976357,アメリカ合衆国の麻酔科医
8390757,アメリカ微生物学会フェロー
8331529,アメリカ芸術文学アカデミー会員
57529,アルミニウム
76751,アンパンマン
8108572,アンパンマンの登場人物一覧
8255915,アンリ・マティス
8201295,アートメディア
6465716,イカ料理
74508,イギリスのオートバイメーカー・ブランド
12594,イギリスのダンサー
8182281,イギリスの外国人
82832,イギリスの工業製品メーカー
8301695,イギリスの料理研究家
8230076,イギリスの飲料
8302366,イスラム協力機構加盟国
8138174,イスラム教倫理
53964,イスラーム法
3613476,イタリアのドラマ映画
8368754,イタリアの化粧品メーカー・ブランド
5605537,イタリアの料理人
8199434,イタリアの白黒映画
74511,イタリアの自動車メーカー・ブランド
8069503,イタリア共和国功労勲章受章者
13177,イタリア証券取引所上場企業
8378406,イヌを主人公としたアニメ作品
8378409,イヌを主人公とした小説
8374554,イヌを主人公とした漫画作品
4762867,インク
1412168,イングランドのオルタナティヴ・ロック・バンド
91897,インターネットテレビ局
6175457,インターネット・ミーム
8132535,インドの発明
7963446,インフラストラクチャー
8340367,ウィキデータと異なるNHK人物録ID
8104992,ウィキデータにあるAmeba_Blog_ID
8179981,ウィキデータにあるiTunesアプリID
8061398,ウィキデータにある座標
8203377,ウィキデータにある日本相撲協会識別子
8196909,ウィキデータにある映画.com映画識別子
8104993,ウィキデータにないAmeba_Blog_ID
8212036,ウィキデータにないMovie_Walker人物識別子
7557121,ウィキデータにない公式ウェブサイト
8061399,ウィキデータにない座標
8196908,ウィキデータにない映画.com映画識別子
8351777,ウィキプロジェクト_性関連記事
7557130,ウィキペディアとウィキデータで異なる公式ウェブサイト
13775,ウィキメディア・プロジェクト
13776,ウィキメディア財団
6612312,ウェアラブルコンピュータ
14125,ウルシ科
14134,ウルトラジャンプ
14138,ウルトラマンの登場怪獣
5542090,ウルトラマンメビウス
14140,ウルトラ怪獣
14141,ウルトラ怪獣一覧
8139196,エイジング
6811212,エイベックス・グループのアニメ作品
8316690,エクスプロイテーション映画
8245927,エクソシスム・悪霊ばらいを題材としたアニメ作品
8245925,エクソシスム・悪霊ばらいを題材とした小説
8245926,エクソシスム・悪霊ばらいを題材とした漫画作品
8327322,エコール・ド・パリ
8283168,エジプトの発明
128702,エステティック
8262407,エビに関する文化
8226320,エミー賞受賞作
8346546,エンジンの構成要素
58867,オカルトを題材とした作品
117055,オフィスクレッシェンド製作のテレビ作品
8090081,オフィス家具
14569,オブジェクト指向
2468284,オランダ語からの借用語
1804291,オランダ語の語句
82093,オランダ語由来の外来語
14921,オンライン百科事典
8285183,オンライン英語辞典
14922,オンライン辞書
6889805,オーストリアのドラマ映画
8099781,オートメーション
8099759,オーブン
8250193,カツオ
8389734,カテーテル
4072432,カナダのスリラー映画
2577032,カナダのホラー映画
73573,カナダの法
15532,カニ
8373396,カプコンのアーケードゲーム
15568,カメラ関連のスタブ項目
15621,カリウムの化合物
5729628,カリフォルニア州を舞台としたテレビ番組
5000944,カルト映画
62914,カルボン酸塩
111240,カンパニア州出身の人物
8096778,ガンガンコミックスのアニメ作品
8202023,キッチン
8202037,キッチン器具
54063,キャラクターに関するスタブ
8238355,キャンプを題材とした映画作品
8213237,キリスト教を題材とした映画作品
114451,キングレコードの映像作品
7608334,キングレコードの映画作品
8116849,ギャガの映画作品
4623175,ギャガ製作の映画
16170,ギャグアニメ
16171,ギャグ漫画
16241,ギリシャの歴史
16267,クイズゲーム
8062277,クオリティ・オブ・ライフ
8202020,クッキング
16374,クリスマス
8201360,クルミ
5278278,クロックワークスのアニメ作品
67351,クロム
8375125,グラフが無効になっているページ
8063235,グラフのあるページ
8251224,グレープフルーツ
16678,ケルン
16708,ケーキ
7941416,ケーブル
8324261,ゲノム編集
52752,ゲームアーカイブス対応ソフト
16748,ゲームポット
107104,コクヨグループ
67355,コバルト
16831,コバルトの化合物
16851,コミックバーズ
16861,コミデジ+
8158562,コラージュ・アーティスト
16898,コレクション
8370497,コロコロイチバン!の漫画作品
17009,コンタクトレンズ
17027,コンビニエンスストア
8223256,コンビニエンスストアを舞台とした漫画作品
17036,コンピュータのユーザインタフェース
5148576,コンピュータアニメーション
8157452,コンピュータゲームを原作とするアニメ作品
17067,コンピュータゲーム関連のサブスタブ記事
60,コンピュータゲーム関連のスタブ記事
17079,コンピュータボードゲーム
17092,コンピュータ関連のスタブ項目
6100443,コンピュータ関連の職業
8145071,コンブ
17113,コーチビルダー
17138,コーヒー器具
5412802,コーンウォールの伝説の生物
17181,ゴンゾ
92370,ゴールデングローブ賞受賞作
8069657,サイコスリラー漫画
8201081,サクランボ
125263,ササゲ属
6254945,サターン賞受賞作品
8099476,サバイバルスキル
5479593,サラダドレッシング
8387123,サルを主人公としたアニメ作品
97957,サルゲッチュ
63622,サンスクリーン剤
8152982,サンテレビの深夜番組
17491,サービスを終了したオンラインゲーム
6021792,サービス関連の職業
8209091,システム心理学
17660,シナノキ科
17671,シモンジア科
17675,シャフト
97169,シャンプー
85650,シャーロック・ホームズシリーズの短編小説
8263433,シュレースヴィヒ＝ホルシュタイン州で製作された映画作品
4628436,ショウゲート製作の映画
8084629,シリアルキラーを題材とした映画作品
17830,シンボル
3749549,シール_(工学)
50871,ジャレコのゲームソフト
8374459,ジャンプ_コミックスのアニメ作品
55736,ジャンプ_ジェイ_ブックス
96870,ジャンプスクエアの漫画作品
106702,ジュース
18259,スウェーデンの軍人
5146199,スカパー!の番組
8387474,スキンケア
18407,スタジオディーン
8164790,スタジオディーンの人物
8105239,スターチャイルドのアニメ作品
8128370,ステンレス鋼
8099627,ストーブ
18480,スパイダーマン
5391394,スプーン
18704,スポーツ競技
8070925,スーパーヒーローを題材としたテレビドラマ
8214783,スーパーロボット大戦シリーズの参戦作品
8106732,スーパーヴィラン
18875,スーパー戦隊シリーズ
18876,スーパー戦隊シリーズのクロスオーバー作品
8203035,スーパー戦隊シリーズの特撮テレビドラマ
61080,ズームイン!!シリーズ関係者
18901,セガサターン用ソフト
60031,セキュリティ
18906,セキュリティ技術
8203012,セラミックスの歴史
6987136,セルフケア
8259252,ソニー・インタラクティブエンタテインメントのゲームソフト
8108119,ソニー・ピクチャーズ_エンタテインメントジャパンのアニメ作品
8108121,ソニー・ピクチャーズ_エンタテインメントジャパンの映画作品
8376997,ソバ料理
19138,ソビエト連邦の兵器
8127923,ソロモン諸島の二国間関係
8105899,ソロモン諸島の国際関係
19207,ソーシャライト
115341,ソーシャルゲーム
123305,ソーシャルメディア
7659929,ソ連・ロシアの小火器
8299590,タイの美術
19325,タイの食文化
19331,タイトーのゲームソフト
3332004,タイムトラベルを題材としたアニメ作品
8122880,タオル
19421,タミヤ
6856049,ダッシュエックス文庫
8162953,ダニー・エルフマンの作曲映画
8237269,ダーク・ファンタジー
19660,チケット
75679,チャンピオンRED_いちご
8095937,チャンピオンコミックスのアニメ作品
19749,チョコレート
19799,チーズ
19817,ツバキ科
85308,ティム・バートンの監督映画
8202039,ティーウェア
8059765,テクニカル・ファブリック
19948,テレビ
4693993,テレビの通販番組
467055,テレビアニメ連動データ放送
19959,テレビドラマの劇場版
19963,テレビドラマ連動データ放送
19965,テレビマガジン
6355790,テレビマンユニオン
125363,テレビ埼玉の深夜番組
20021,テレビ朝日の特撮番組
8068164,テレビ朝日土曜7時30分枠の連続ドラマ
20038,テレビ東京の深夜アニメ
20042,テレビ東京の特撮番組
8103100,テレビ東京土曜未明の深夜ドラマ
20044,テレビ東京系アニメ
20049,テレビ番組に関するサブスタブ
137,テレビ番組に関するスタブ
8080508,テレビ番組のシリーズ
8152978,テレビ神奈川の番組
20071,テロリズム
8006771,テント
8211326,テンプレート呼び出しエラーのあるページ/CS1/日付関連
8202043,テーブルウェア
120548,ディアナ
20140,デザイン
8202432,デザインの概念
130668,デザイン会社
74317,トイレタリー
20322,トウガラシ属
8322573,トラブゾン
8059869,トラブゾン県
8076757,トランスヒューマニズム
89449,トリノ出身の人物
20444,トルコ
5329825,トルコのローマ都市
8096386,トルコの古都
20505,トルコの都市
8169262,トレチャコフ美術館の所蔵品
3959975,ドイツのドラマ映画
8368746,ドイツの化粧品メーカー・ブランド
20704,ドイツの文化
8198399,ドイツの白黒映画
1708854,ドイツを舞台とした映画作品
20796,ドイツ史の人物
121369,ドクターヘリ
96799,ドラえもんのひみつ道具
2904739,ドラッグ・カルチャー
8111259,ドラマ25
20899,ドラマCD
20966,ナイフ
20999,ナトリウムの化合物
8091297,ニシン
8246144,ニューヨーク州で製作された映画作品
1040103,ニューヨーク州を舞台とした映画作品
112777,ニンテンドー3DS用ソフト
8201468,ニンニク
60987,ネイリスト
8077938,ネイルケア
8345294,ノエビアグループ
4027902,ノズル
5351263,ノーマッド
87863,ノール県出身の人物
5228909,ハイ・ウィカム
6188087,ハッスルの人物
58880,ハロゲン
21767,ハロー!プロジェクト
8119355,ハロー!プロジェクト関連の放送番組
21849,ハンガリーの文化
97329,バイエルン王国の人物
110694,バッキンガムシャーの企業
22091,バリアフリー
3718513,バルブ
22199,バンダイ
8113022,バンダイナムコエンターテインメントのアニメ作品
7337881,バンダイナムコエンターテインメントのゲームソフト
8089937,バンダイナムコピクチャーズ
7472043,バンダイ原作・原案のアニメ作品
22215,バーコード
8201024,パイナップル
22316,パスタ
22320,パズルゲーム
3553284,パラレルワールドを題材としたアニメ作品
3553329,パラレルワールドを題材としたテレビドラマ
104558,パルム・ドール受賞作
22478,パン
22570,ビクターエンタテインメント
1619239,ビクターエンタテインメントのアニメ作品
22571,ビクターエンタテインメントのアルバム
22572,ビクターエンタテインメントのアーティスト
22573,ビクターエンタテインメントの楽曲
8095508,ビッグコミックスのアニメ作品
8382028,ビデオ・ナスティ
22622,ビリヤード
1812648,ピエモンテ州出身の人物
97751,ピザ
125861,ピーテル・ブリューゲルの作品
22728,ファッション
61188,ファッションに関するスタブ項目
64075,ファッション関係者に関するスタブ項目
22739,ファミリーコンピュータ用ソフト
7937801,ファミ通クロスレビューゴールド殿堂入りソフト
7937805,ファミ通クロスレビューシルバー殿堂入りソフト
7937780,ファミ通クロスレビュープラチナ殿堂入りソフト
22746,ファミ通文庫
8099369,ファミ通文庫のアニメ作品
22755,ファンタジーアニメ
22756,ファンタジーコンピュータゲーム
22762,ファンタジー漫画
22768,ファーストパーソン・シューティングゲーム
129573,フィクションの水生生物
8170006,フィンランドの多国籍企業
110538,フィンランドの工業製品メーカー
7996549,フォークアート
8319301,フォーティエイターズ
8255914,フォーヴィスム
4230749,フッズエンタテインメント
23075,フッ素
7861265,フライホイール
5555975,フライングドッグのアーティスト
3481772,フランスのドラマ映画
5003086,フランスの無神論者
8141550,フランスの白黒映画
90207,フランス語の語句
8238746,フリードリヒ・ヴィルヘルム_(ブランデンブルク選帝侯)
8251027,フロリダ州で製作された映画作品
1626462,フロンティアワークスのアニメ作品
8352043,ブラジルのカトリック教会の信者
8233241,ブランデンブルク州で製作された映画作品
23598,ブランド一覧
23792,プチプチ・アニメ
8154034,プライドフィッシュ
23805,プラズマ
8226893,プラド美術館の所蔵品
23850,プレス機械
83392,プロイセンの元帥
71556,プロイセンの軍人
23865,プログラミング
8105494,プロジェクト・グーテンベルクのリンクがある記事
6684169,プロジェクト人物伝項目
8199748,プロテスタントの組織
8267191,プロテスタント教派の下位区分
23915,プロレス技
23917,プロレス用語
53035,ヘアアクセサリー
23938,ヘアケア
23939,ヘアケア製品
23960,ヘリコプター
110539,ヘルシンキの企業
23964,ヘルシンキ証券取引所上場企業
8392761,ベルギー王立アカデミー会員
6089016,ベルトドライブ
24260,ベルベル
7161670,ペイストリー
24303,ペット
24409,ホラーアニメ
24411,ホラードラマ
24415,ホラー漫画
8173471,ホリプロ製作の映画
8100074,ホームオートメーション
24459,ホームレス
8375602,ホームレスを題材とした漫画作品
8221205,ホームレスを題材にしたテレビドラマ
5996519,ホームレス関連の組織
76863,ホーリネスの教派
24548,ボボボーボ・ボーボボ
124380,ポップ・ロック・バンド
1618655,ポニーキャニオンのアニメ作品
7858621,ポニーキャニオンの映画作品
2468285,ポルトガル語からの借用語
117058,マインドコントロール
8094802,マガジンKCのアニメ作品
8126967,マニピュレーター
8370803,マヒンドラ・グループ
8155263,マルチモーダル・インタラクション
8320003,マンガ図書館Z
25239,マーベル・コミックの登場人物
8356249,マーベル・シネマティック・ユニバースの登場人物
102113,ミナスジェライス州出身の人物
7463694,ミニアニメ
5496749,ミヒャエル・ハネケの監督映画
98834,ミラマックスの作品
8101189,ムービックのアニメ作品
25558,メソジスト
25586,メディアミックス作品
8113921,メモリーテックのアニメ作品
25638,メンタルヘルス
25649,モクセイ科
25692,モデル生物
8219309,モニタリング_(医学)
7857677,モノのインターネット
25737,モロッコ
25848,モータースポーツ
25870,モーニング娘。
3998055,モーニング娘。のメンバー
25893,ヤクザ
8127677,ヤクザを題材としたアニメ
8365923,ヤクザを題材とした漫画作品
8286837,ヤコブ・ベルヌーイ
25924,ヤングガンガン
8374458,ヤングジャンプ_コミックスのアニメ作品
65909,ユニリーバ
26048,ユーザインタフェース
117919,ユーザビリティ
889773,ヨハネ・パウロ2世・ルブリン・カトリック大学
26113,ヨーロッパの国
26114,ヨーロッパの地域
26157,ヨーロッパの都市伝説
26164,ヨーロッパの食文化
26169,ヨーロッパ史
8206641,ライデンフィルムのアニメ作品
62472,ライフセービング
8263007,ライプツィヒで製作された映画作品
26278,ラジオ番組に関するスタブ
26291,ラスタファリ運動
1627411,ランティスのアニメ作品
26520,リボ核酸
5301066,リムリック出身の人物
99224,リメイクゲーム
76495,リンゴ
76477,リンゴの品種
8103914,ループもの
8202278,レジャー活動
8156012,レズビアン関連映画
8258405,ロサンゼルスで製作された映画作品
8167862,ロシアの絵画
27064,ロシア連邦の兵器
27094,ロックマン
88079,ロビン・フッドを題材とした作品
27110,ロボット
8281600,ロボットを主人公としたアニメ作品
8281608,ロボットを主人公としたコンピュータゲーム
8281597,ロボットを主人公とした映画作品
8281605,ロボットを主人公とした漫画作品
27113,ロボット工学
27121,ロマンティック・コメディ
8267140,ロマンティック・コメディ・テレビドラマ
8267145,ロマンティック・コメディ漫画
8152953,ローカルテレビ局のバラエティ番組
27175,ローゼンメイデン
27250,ワイン
8129678,ワイン生産地の世界遺産
27417,一宮
8209469,一文字派の日本刀
8272836,一時的な居住地
27440,一般用医薬品
8391005,三人組を主人公とした作品
1549265,三十年戦争の人物
59307,三和グループ
8397354,三条陸脚本のテレビドラマ
27567,三池崇史の監督映画
50865,三河国の人物
132452,三英傑
53941,三重県の妖怪
27756,上座部仏教
4460369,不思議の国のアリスを題材としたアニメ作品
4460382,不思議の国のアリスを題材とした漫画作品
66724,不法行為法
3048863,不老不死
8060068,不良少年・不良少女を主人公としたアニメ作品
8060071,不良少年・不良少女を主人公としたテレビドラマ
8060070,不良少年・不良少女を主人公とした漫画作品
27924,世紀
27977,中世ヨーロッパ
28000,中南米の食文化
28077,中国の実業家
28100,中国の文化
67260,中国の王朝
8059908,中国の発明
74991,中国の米料理
28171,中国の食文化
28237,中国社会主義
28248,中国茶
8222988,中央大学の歴史
8182239,中島かずき
3405258,中新世の哺乳類
1487638,中毒
51,中立的観点に議論ある項目
28393,中華人民共和国
28458,中近東の食文化
28533,主要カテゴリ
8173675,主題別分類
94531,九州大学の教員
28645,乳
28651,乳製品
8225576,乾燥
28652,乾物
8301870,事務用品
28667,事務用品メーカー
8282168,二人組を主人公としたアニメ作品
8282169,二人組を主人公としたコンピュータゲーム
8282161,二人組を主人公とした小説
8282164,二人組を主人公とした漫画作品
70341,五島列島の文化
67349,亜鉛
28781,交通
108242,交通事故死した人物
28797,京セラ
4531364,京セラの人物
6815146,京セラの歴史
56895,京劇
5419470,京都市立芸術大学出身の人物
5395387,京都府の一般社団法人
28962,京都府出身の人物
28983,人体
90335,人体の部位
126116,人命救助を題材とした作品
102148,人型未確認動物
87813,人工臓器
8371226,人形を題材としたアニメ作品
8371230,人形を題材としたコンピュータゲーム
8371225,人形を題材とした漫画作品
4160950,人格の入れ替わりを題材としたテレビドラマ
2515789,人格の入れ替わりを題材とした作品
4160856,人格の入れ替わりを題材とした漫画作品
4271404,人物の画像提供依頼
29028,人間
54753,人間の巨大化・縮小化を題材とした作品
8061518,人間の巨大化・縮小化を題材とした漫画作品
29031,人間の性
29034,人間工学
29036,人間科学
3039759,介護福祉士養成施設_(短期大学)
29074,仏教
89127,仏教の宗派
56057,仏教用語
29082,仏教美術
29083,仏教行事
29123,代替医療
29124,代謝内分泌疾患
8101837,仮面ライダーW
29136,仮面ライダーシリーズ
29137,仮面ライダーシリーズのクロスオーバー作品
53592,仮面ライダーシリーズの漫画作品
8200321,仮面ライダーシリーズの特撮テレビドラマ
29138,仮面ライダーシリーズの登場キャラクター
29139,仮面ライダーシリーズの登場キャラクターの一覧
123802,仮面ライダーシリーズの音楽
8395136,仮面ライダービルド
8135654,仮面ライダーフォーゼ
29154,企業一覧
49,企業関連のスタブ
8386478,伊上勝脚本のテレビドラマ
8371175,伊藤伸平の漫画作品
52505,伊豆国の人物
68755,伊豆諸島の文化
3669758,伏見区の企業
8059635,伝統人形
29265,伝統野菜
398671,低温生物学
29295,住宅
8203305,佐々木勉が制作した楽曲
8338786,佐世保市の医療機関
5200578,佐倉藩主
4946890,佐藤雅彦
29432,体毛
8100153,体温調節
29435,体積の単位
29508,修験道
29513,俳優に関するスタブ
29545,健康
8184774,健忘を題材としたテレビドラマ
29564,儀式
29585,元素
8204776,兄弟姉妹を題材としたアニメ作品
8173872,兄弟姉妹を題材としたテレビドラマ
8173777,兄弟姉妹を題材とした漫画作品
29603,光
29609,光学機器
94262,児童書出版社
29634,入学試験
8276951,全国紙
84745,全日本女子プロレスに所属した女子プロレスラー
29710,八幡宮
2212508,公共政策
29760,公妾
29761,公害
97725,共和国
8361659,典拠管理識別子が1つもない記事
81787,内容が過剰となっている記事
29909,内容の精度・確度に欠けている可能性のある記事
29923,内視鏡
6194723,写真の技法
66658,冬の季語
8150837,冷やし麺
29969,冷戦
86176,出典のページ番号が要望されている記事
8169818,出典の日付が正しくないページ
1252237,出典を必要とする存命人物記事/2011年1月-2月
4702741,出典を必要とする節のある記事/2011年1月-4月
4702736,出典を必要とする節のある記事/2011年5月-8月
4710167,出典を必要とする節のある記事/2012年1月-3月
6102258,出典を必要とする節のある記事/2014年7月-8月
6266799,出典を必要とする節のある記事/2014年9月-10月
8059238,出典を必要とする節のある記事/2015年11月-12月
8068228,出典を必要とする節のある記事/2016年3月-4月
4619275,出典を必要とする記事/2007年1月-6月
81182,出典を必要とする記事/2009年7月
96449,出典を必要とする記事/2010年3月
104903,出典を必要とする記事/2010年6月
108626,出典を必要とする記事/2010年8月
352880,出典を必要とする記事/2011年10月
90371,出典を必要とする記事/2011年11月
791191,出典を必要とする記事/2011年12月
123236,出典を必要とする記事/2011年3月
127062,出典を必要とする記事/2011年5月
129060,出典を必要とする記事/2011年6月
130955,出典を必要とする記事/2011年7月
132895,出典を必要とする記事/2011年8月
3149685,出典を必要とする記事/2012年11月
946199,出典を必要とする記事/2012年1月
1689678,出典を必要とする記事/2012年4月
1985759,出典を必要とする記事/2012年5月
2282543,出典を必要とする記事/2012年6月
2444145,出典を必要とする記事/2012年7月
5226878,出典を必要とする記事/2013年11月
4916354,出典を必要とする記事/2013年8月
5552577,出典を必要とする記事/2014年2月
5987066,出典を必要とする記事/2014年6月
6082311,出典を必要とする記事/2014年7月
6184514,出典を必要とする記事/2014年8月
6266179,出典を必要とする記事/2014年9月
7949274,出典を必要とする記事/2015年10月
8061212,出典を必要とする記事/2015年12月
7204230,出典を必要とする記事/2015年3月
7405310,出典を必要とする記事/2015年5月
7519736,出典を必要とする記事/2015年6月
8097135,出典を必要とする記事/2016年11月
8063594,出典を必要とする記事/2016年1月
8066137,出典を必要とする記事/2016年2月
8068171,出典を必要とする記事/2016年3月
8070266,出典を必要とする記事/2016年4月
8088816,出典を必要とする記事/2016年8月
8130076,出典を必要とする記事/2017年11月
8102859,出典を必要とする記事/2017年1月
8107856,出典を必要とする記事/2017年3月
8113094,出典を必要とする記事/2017年5月
8116676,出典を必要とする記事/2017年6月
8124458,出典を必要とする記事/2017年9月
8160772,出典を必要とする記事/2018年10月
8167162,出典を必要とする記事/2018年12月
8134843,出典を必要とする記事/2018年1月
8138142,出典を必要とする記事/2018年2月
8140687,出典を必要とする記事/2018年3月
8143249,出典を必要とする記事/2018年4月
8145960,出典を必要とする記事/2018年5月
8153561,出典を必要とする記事/2018年8月
8158034,出典を必要とする記事/2018年9月
8202491,出典を必要とする記事/2019年10月
8208321,出典を必要とする記事/2019年12月
8174810,出典を必要とする記事/2019年3月
8177660,出典を必要とする記事/2019年4月
8180446,出典を必要とする記事/2019年5月
8187694,出典を必要とする記事/2019年7月
8192789,出典を必要とする記事/2019年8月
8195026,出典を必要とする記事/2019年9月
8248389,出典を必要とする記事/2020年11月
8252912,出典を必要とする記事/2020年12月
8211763,出典を必要とする記事/2020年1月
8218866,出典を必要とする記事/2020年3月
8226286,出典を必要とする記事/2020年5月
8229558,出典を必要とする記事/2020年6月
8233995,出典を必要とする記事/2020年7月
8240318,出典を必要とする記事/2020年9月
8301921,出典を必要とする記事/2021年10月
8305478,出典を必要とする記事/2021年11月
8309799,出典を必要とする記事/2021年12月
8255633,出典を必要とする記事/2021年1月
8260492,出典を必要とする記事/2021年2月
8265152,出典を必要とする記事/2021年3月
8271347,出典を必要とする記事/2021年4月
8277033,出典を必要とする記事/2021年5月
8284098,出典を必要とする記事/2021年6月
8288766,出典を必要とする記事/2021年7月
8291505,出典を必要とする記事/2021年8月
8297045,出典を必要とする記事/2021年9月
8354684,出典を必要とする記事/2022年11月
8358879,出典を必要とする記事/2022年12月
8315989,出典を必要とする記事/2022年1月
8321165,出典を必要とする記事/2022年2月
8325339,出典を必要とする記事/2022年3月
8330960,出典を必要とする記事/2022年4月
8338005,出典を必要とする記事/2022年6月
8343782,出典を必要とする記事/2022年8月
8347865,出典を必要とする記事/2022年9月
8386944,出典を必要とする記事/2023年10月
8363517,出典を必要とする記事/2023年1月
8367105,出典を必要とする記事/2023年2月
8369865,出典を必要とする記事/2023年3月
8372808,出典を必要とする記事/2023年4月
8375313,出典を必要とする記事/2023年5月
8377955,出典を必要とする記事/2023年6月
8379964,出典を必要とする記事/2023年7月
8382086,出典を必要とする記事/2023年8月
8384525,出典を必要とする記事/2023年9月
8394724,出典を必要とする記事/2024年1月
7671990,出典を必要とする記述のある記事/2007年
8086529,出典を必要とする記述のある記事/2008年9月-10月
1303833,出典を必要とする記述のある記事/2009年12月
8120304,出典を必要とする記述のある記事/2009年3月-4月
1317794,出典を必要とする記述のある記事/2009年7月
1317792,出典を必要とする記述のある記事/2009年8月
1305078,出典を必要とする記述のある記事/2010年1月
1308043,出典を必要とする記述のある記事/2010年2月
1312705,出典を必要とする記述のある記事/2010年3月
1330876,出典を必要とする記述のある記事/2010年5月
1330872,出典を必要とする記述のある記事/2010年6月
1330887,出典を必要とする記述のある記事/2010年8月
1321887,出典を必要とする記述のある記事/2011年5月
1321901,出典を必要とする記述のある記事/2011年6月
3155492,出典を必要とする記述のある記事/2012年10月
1697098,出典を必要とする記述のある記事/2012年4月
6623090,出典を必要とする記述のある記事/2014年10月
5903936,出典を必要とする記述のある記事/2014年5月
5987571,出典を必要とする記述のある記事/2014年6月
6101985,出典を必要とする記述のある記事/2014年7月
7628109,出典を必要とする記述のある記事/2015年10月
8087512,出典を必要とする記述のある記事/2016年10月
8087882,出典を必要とする記述のある記事/2016年11月
8087458,出典を必要とする記述のある記事/2016年12月
8107234,出典を必要とする記述のある記事/2017年10月
8087506,出典を必要とする記述のある記事/2017年2月
8105341,出典を必要とする記述のある記事/2017年5月
8107232,出典を必要とする記述のある記事/2017年8月
8195001,出典を必要とする記述のある記事/2018年10月
8194989,出典を必要とする記述のある記事/2018年6月
8194992,出典を必要とする記述のある記事/2018年7月
8195013,出典を必要とする記述のある記事/2019年4月
8195022,出典を必要とする記述のある記事/2019年7月
8195023,出典を必要とする記述のある記事/2019年8月
8195027,出典を必要とする記述のある記事/2019年9月
8243087,出典を必要とする記述のある記事/2020年5月
8243090,出典を必要とする記述のある記事/2020年6月
8243093,出典を必要とする記述のある記事/2020年7月
8329465,出典を必要とする記述のある記事/2021年10月
8329468,出典を必要とする記述のある記事/2021年11月
8329471,出典を必要とする記述のある記事/2021年12月
8255634,出典を必要とする記述のある記事/2021年1月
8329450,出典を必要とする記述のある記事/2021年5月
8329459,出典を必要とする記述のある記事/2021年8月
8329462,出典を必要とする記述のある記事/2021年9月
132976,出典を必要とする関連フィクションの記述
30000,出版
95054,出版に関するスタブ
72796,出版用語
30005,出産
30026,刀剣
8259726,刀剣学者
30027,刃物
8,分割提案
30033,分子生物学
8061524,分野別の技術
30041,分野別の法
5566392,分離プロセス
6155228,切り抜き画像
134180,切り絵作家
30049,切削工具
30050,切手
8363143,切断_(金属加工)
30061,刑事訴訟法
8370490,別冊コロコロコミックの漫画作品
30084,別格官幣社
30087,別表神社
8155728,利き手
8243415,刺繡
3163298,前口動物
8125388,前近代の中国系日本人
8125392,前近代の日本の中国人
108570,剤形
30172,力学
8062265,加齢学
30205,劣化
8265963,労働安全衛生
30215,労働災害
30224,動力
432623,動物の権利
89711,動物性油脂
432634,動物福祉
30236,動物解剖学
5917839,動物門
30237,動物関連のスタブ項目
30240,動画共有サイト
72196,勝浦町
4837122,勲三等瑞宝章受章者
66660,包丁
3514260,包装
8135908,包装材料
30278,化学工業
30281,化学物質
30289,化学関連のスタブ項目
30291,化成品
126615,化粧
30300,化粧品
78442,化粧品のコマーシャルソング
30301,化粧品メーカー・ブランド
8160216,化粧品化学
30366,北九州市の区
8184192,北条政子
8343559,北条時政の子女
30469,北条氏
30600,北海道の食文化
30696,北米の食文化
30740,医事法
30741,医学
8166904,医学の分野
30746,医学関連のスタブ項目
98132,医用生体工学
30749,医療
5927776,医療に関する日本の組織
8350547,医療処置
82308,医療問題
8225951,医療器具
8219341,医療廃棄物
6373270,医療支援事業
30754,医療機器
30755,医療機器メーカー
30756,医療機関
8225069,医療用マスク
7545027,医療用ロボット
30760,医療資格
30762,医療関連の組織
6038029,医療関連の職業
30765,医薬品
7325466,医薬品医療機器等法
30768,医薬部外品
76815,千代田区の企業
30807,千年紀
8152977,千葉テレビの番組
8346547,千葉市で製作された映画作品
30856,千葉県の医療機関
30921,千葉県出身の人物
8375469,千葉県立木更津高等学校出身の人物
8209195,千葉県議会議員
4834439,千葉県選出の衆議院議員
31080,南丹市
7900095,南宋の人物
8167592,南部ゴシック映画
93575,単一の出典
31224,単位
31243,印刷
97789,印刷史に関する人物
83596,危機管理
52795,卵
31259,卵料理
31275,厚生労働省
31280,原始仏教
31306,去勢
8030856,参照エラーのあるページ
31308,参照方法
3443741,双子を題材としたアニメ作品
3443752,双子を題材とした漫画作品
31344,口
86917,口腔衛生用品
65,古代ギリシア
31414,古墳
3405152,古第三紀の哺乳類
8216646,台湾のコンビニエンスストア
8176191,各国のフェミニズム
31836,各国の軍艦
31903,合金
31919,吉本興業
8208907,同名の作品
5817172,名古屋テレビのアニメ
32005,名古屋市の歴史
32023,名古屋市出身の人物
61053,名数3
8227815,向精神薬の社会的側面
32127,呼吸
32140,和服
32249,和紙
198179,和裁
53803,和製漢語
32251,和製英語
8089043,和飴
32262,品詞
5583204,哺乳動物の解剖学
8156215,唇
32309,商業施設
6904332,問題行動
32333,喫茶文化
32335,嗅覚
32348,器具
8209976,囲碁殿堂表彰者
32450,図書館情報学
32492,国家資格
32495,国幣中社
104111,国立国語研究所
66080,国際NGO
32549,国際援助
32550,国際放映作品
8297629,国際連合加盟国
32588,園芸
8308258,園芸関連企業
8302288,土ドラ_(フジテレビ)
8131064,在ソロモン諸島日本大使
97795,地中海の食文化
8131968,地図があるページ
88367,地域別の料理
32723,地域別野鳥一覧
134294,地域団体商標
32740,地方公共団体
32750,地方経済
3787592,地球外生命体を題材としたテレビドラマ
3787324,地球外生命体を題材とした漫画作品
32806,地震
32807,地震の歴史
32808,地震学
32809,地震学者
32841,城下町
92252,執権
119018,基礎化粧品
32929,埼玉県の行政
32949,埼玉県出身の人物
7331341,堺市の医療機関
8103134,堺市西区の建築物
32988,塑性加工
63906,塗料
32991,塗装
89842,塚
8294332,増上寺
33025,士族反乱
8166379,変速機
33060,夏
33063,夏の季語
33087,外傷
33100,外来語
33109,外科学
116667,外部リンクがリンク切れになっている記事/2010年12月
127077,外部リンクがリンク切れになっている記事/2011年5月
1481818,外部リンクがリンク切れになっている記事/2012年3月
5120584,外部リンクがリンク切れになっている記事/2013年10月
5340661,外部リンクがリンク切れになっている記事/2013年12月
6266275,外部リンクがリンク切れになっている記事/2014年9月
7520480,外部リンクがリンク切れになっている記事/2015年6月
8126796,外部リンクがリンク切れになっている記事/2017年10月
8107855,外部リンクがリンク切れになっている記事/2017年3月
8124457,外部リンクがリンク切れになっている記事/2017年9月
8134842,外部リンクがリンク切れになっている記事/2018年1月
8140686,外部リンクがリンク切れになっている記事/2018年3月
8153560,外部リンクがリンク切れになっている記事/2018年8月
8205739,外部リンクがリンク切れになっている記事/2019年11月
8172155,外部リンクがリンク切れになっている記事/2019年2月
8174809,外部リンクがリンク切れになっている記事/2019年3月
8180445,外部リンクがリンク切れになっている記事/2019年5月
8197801,外部リンクがリンク切れになっている記事/2019年9月
8252911,外部リンクがリンク切れになっている記事/2020年12月
8211762,外部リンクがリンク切れになっている記事/2020年1月
8215151,外部リンクがリンク切れになっている記事/2020年2月
8226285,外部リンクがリンク切れになっている記事/2020年5月
8233994,外部リンクがリンク切れになっている記事/2020年7月
8236490,外部リンクがリンク切れになっている記事/2020年8月
8301920,外部リンクがリンク切れになっている記事/2021年10月
8305477,外部リンクがリンク切れになっている記事/2021年11月
8256436,外部リンクがリンク切れになっている記事/2021年1月
8260491,外部リンクがリンク切れになっている記事/2021年2月
8271346,外部リンクがリンク切れになっている記事/2021年4月
8288765,外部リンクがリンク切れになっている記事/2021年7月
8292428,外部リンクがリンク切れになっている記事/2021年8月
8297044,外部リンクがリンク切れになっている記事/2021年9月
8321164,外部リンクがリンク切れになっている記事/2022年2月
8325338,外部リンクがリンク切れになっている記事/2022年3月
8334760,外部リンクがリンク切れになっている記事/2022年5月
8338004,外部リンクがリンク切れになっている記事/2022年6月
8363516,外部リンクがリンク切れになっている記事/2023年1月
8372807,外部リンクがリンク切れになっている記事/2023年4月
8375312,外部リンクがリンク切れになっている記事/2023年5月
8382085,外部リンクがリンク切れになっている記事/2023年8月
8384524,外部リンクがリンク切れになっている記事/2023年9月
89126,大乗仏教
33171,大人のおもちゃ
621040,大坂城代
72089,大手町
8228943,大正時代を舞台とした漫画作品
33436,大気電気学
33437,大気電磁現象
33497,大相撲
7716853,大英帝国勲章受章者
59308,大言壮語的な記述になっている項目
33543,大道芸
33559,大量破壊兵器
105620,大阪大学出身の人物
33592,大阪市出身の人物
33618,大阪府の医療機関
8387444,大阪府の医療機関_(地方独立行政法人)
8275146,大阪府の新聞
118,大阪府出身の人物
8096477,大阪府災害拠点病院
8301965,大阪府立茨木高等学校出身の人物
3602319,天使を題材とした漫画作品
33777,天才てれびくん
3977472,天才てれびくんのコーナーアニメ
102467,天才てれびくんのコーナードラマ
243010,太陽光発電メーカー
98512,奄美群島の食文化
8122585,奈良県の農業
33984,奈良県の食文化
104414,女子スポーツ選手
8384469,女性の肖像画
5271076,女装アニメ
34045,女装漫画
86083,妖怪絵巻の妖怪
78980,存命人物
34112,学園漫画
34116,学校制服・衣料
34119,学校教育
34135,学校記事
564673,学校関連の団体
80602,学習参考書
8286383,学者を主人公とした作品
8065661,宇宙を舞台としたSFテレビドラマ
125846,宇宙機の構成要素
8143931,安倍なつみ
865824,安全
6871608,安全機器
8226429,安定成長期の昭和時代を舞台とした小説
8223503,安田顕
4872289,安祥松平氏
66847,宋朝
34336,宗教スタブ
4739828,定規
8222978,宝石を題材としたアニメ作品
8070865,実写とアニメーションが混在した作品
34411,実験器具
7796775,宣伝活動の記述のある項目/2011年5月-7月
4881772,宣伝活動の記述のある項目/2012年1月-4月
34434,室町時代の建築
8385988,宮下隼一脚本のテレビドラマ
8197788,宮崎県美郷町の企業
8177751,宮川堀田家
34642,家事
8173859,家族を題材とした漫画作品
34652,家畜
34657,家電機器
34659,容器
7828197,容姿
34671,密教
929449,富津市の歴史
8313754,富津市議会議員
8096032,富田林市の建築物
34830,寝具
34845,対戦型格闘ゲーム
8095057,対数
34854,対称性
8139278,寿命延長
34873,専門服・特殊服
6006382,小児外科学
34898,小児科学
34917,小売業
34921,小学館
8095395,小学館のアニメ作品
128338,小学館の学年誌の漫画作品
8269117,小学館漫画賞児童向け部門の受賞作品
5301677,小学館集英社プロダクションのアニメ作品
70381,小林製薬
8344857,小林靖子脚本のテレビドラマ
5967208,小浜藩の人物
8235048,小説すばるの連載小説
50864,尾張国の人物
8201076,居住用の建築物
35133,山口大学
35158,山口県の医療機関
7279924,山口県の超高層ビル
8096626,山口県災害拠点病院
35233,山崎製パン
35285,山形県の文化
56006,山梨県にある国指定の史跡
73108,山梨県の考古遺跡
6395518,山縣有朋
8078431,山野家
104515,山野美容芸術短期大学の教員
8123069,岐阜県の農業
35543,岐阜県の食文化
5669573,岐阜県発祥の企業
8114332,島を舞台としたアニメ作品
8114331,島を舞台とした漫画作品
8059386,工作
35992,工作機械
35994,工具
35996,工具メーカー
35998,工学
391276,工学の分野
36000,工学関連のスタブ
4797436,工業プロセス
89714,工業用油脂
8267170,工業製品
82217,工業製品関連のスタブ
36009,工芸
36010,工芸作物
8247285,左利き
120139,巨人を題材とした作品
3468078,巨大ロボットを題材としたテレビドラマ
8386428,巨大変身ヒロイン
2265743,巨大変身ヒーロー
36040,市民活動
75816,布
8347124,常総市で製作された映画作品
36098,帽子
36106,幕末
89034,幕末の事件
36108,幕末の艦船
77739,幕末を舞台とした作品
8316910,平安時代の天皇
5319725,平安時代の女性
36146,平安時代の武士
109054,平成仮面ライダーシリーズ
123918,平成仮面ライダーシリーズのクロスオーバー作品
36158,平成時代の殺人事件
8215855,平成時代の衆議院議員
8382577,年齢の変化を題材とした作品
8124392,幻冬舎のアニメ作品
53864,幼稚園_(雑誌)
8397639,幼稚園・保育所の時間
36207,幾何学
36356,広東の食文化
88628,廃娼運動
36402,廃棄物
4250792,廃止された太政官布告・太政官達
36428,建築教育
36429,建築施工
36431,建築材料
8274394,建築理論
36439,建築設備
36441,建築関連のスタブ項目
8220483,引きこもりを題材としたアニメ
8374171,引きこもりを題材とした漫画作品
36507,形成外科学
8059465,彫刻技法
67107,彫塑材料
78740,役
36522,征夷大将軍
8130685,後白河天皇
8159582,従二位受位者
8167014,復古神道
4060400,復讐を題材とした映画
36568,循環器病
1510949,徳島藩の人物
8338136,徳川宗家
73218,徳川家康
8315843,徳川将軍家の霊廟
36672,徳川氏
36681,心
36684,心理学
103817,心理学の分野
5589239,心臓外科学
8060309,必須ミネラル
67295,応急処置
36731,快適技術
36732,思想
36737,思考
36757,性器改造
36763,性的嗜好
3568707,怪獣を題材とした漫画作品
4276946,恋愛アニメ
36789,恋愛漫画
3478458,恐竜を題材としたテレビドラマ
36792,恐竜を題材とした作品
8368110,悪ふざけを題材とした映画作品
3602357,悪魔を題材とした漫画作品
8120612,情報の更新が必要とされている項目/2019年
8276575,情報の更新が必要とされている項目/2021年1月-6月
8276578,情報の更新が必要とされている項目/2021年7月-12月
8329021,情報の更新が必要とされている項目/2022年7月-12月
8363808,情報の更新が必要とされている項目/2023年1月-6月
8363810,情報の更新が必要とされている項目/2023年7月-12月
8276935,愛知県の新聞
37000,愛知県の歴史
8122560,愛知県の農業
37029,愛知県の食文化
55916,感情
37051,感染症
4744108,慈善団体
37079,成人向け映画
8173792,成田空港問題に関連する政治家
37098,戦争を題材とした作品
88206,戦前日本の経済
37110,戦国大名
5684313,戦後の東京
8391070,戦後の長崎
8172691,房総の魅力500選
72504,手
37158,手芸
133838,技法
37172,技術
8175481,技術の年表
4178138,技術関連の一覧
8071960,投与経路
37204,折り紙
8150203,折り紙を題材とした作品
37205,折り紙作家
37212,拘束具
4998603,拘禁施設
37216,拳遊び
90306,指
5399046,振り子
89316,捜査
37251,接合
88994,接着剤
37253,接辞
37254,推理ドラマ
37259,推理漫画
37261,提案があるページ
8152222,擬人化キャラクターを主人公にしたアニメ作品
128208,擬人化キャラクターを主人公にした物語
3004703,放送文化基金賞・放送文化
37366,放電
37367,政令指定都市
37403,救世軍
37404,救助部隊
37405,救命処置
37406,救急医学
131224,救急医療
109526,救急救命士
8140588,救急疾患
93374,救急車
193794,教師を主人公としたテレビドラマ
37411,教材
37415,教科
37416,教科教育学
37420,教育に関するスタブ
37422,教育の分野
37454,数の表現
37462,数学に関する記事
8347683,数学のエポニム
37496,整形外科学
76821,文京区の企業
80271,文京区の歴史
37510,文化
37518,文化史
11648,文学関連のスタブ
37551,文房具
7390996,文房具を題材とした作品
37582,料理
8398744,料理用語
1746123,斧
37593,断層
8082383,新技術
37693,新潟市の区
37702,新潟県
37705,新潟県のケーブルテレビ局
37708,新潟県のスポーツチーム
37715,新潟県の企業
37721,新潟県の医療機関
37729,新潟県の大学
37738,新潟県の市町村
54333,新潟県の建築物
37753,新潟県の画像
37760,新潟県の自然景勝地
37765,新潟県の郡
37766,新潟県の郡_(消滅)
37772,新潟県の食文化
60155,新潟県を舞台とした作品
8227372,新潟県を舞台とした漫画作品
37777,新潟県出身の人物
8173554,新生児科学
8235123,新聞_(保守主義)
8228906,新選組を題材としたアニメ作品
8228904,新選組を題材としたコンピュータゲーム
8080661,新選組を題材としたテレビドラマ
37820,新選組を題材とした作品
8080660,新選組を題材とした小説
8069151,新選組を題材とした映画作品
8377989,新選組を題材とした漫画作品
37821,新選組隊士
37860,日付
8131843,日本で開発されたコンピュータゲーム
98470,日本とフランスの合作アニメ
756712,日本のLGBT関連映画
37903,日本のWebアニメ
8144876,日本のWebバラエティ番組
115463,日本のお笑いコンビ
8107703,日本のインターネットラジオ番組
125205,日本のインターネット企業
82881,日本のウェブサイト
8080407,日本のエステティック業
8145305,日本のエマージェンシー・サービス
6118370,日本のオリジナルテレビアニメ
37993,日本のガラス・土石製品産業
8252844,日本のガン・ポリティクス
6803120,日本のゲーム
8329535,日本のコメディドラマ
53494,日本のコメディ映画
3479251,日本のサイコスリラー映画
8277173,日本のスポーツ新聞
38147,日本のタレント
38165,日本のテーマ史
1582182,日本のドキュメンタリー番組
8376800,日本のファッション史
76592,日本のファンタジー小説
76374,日本のホラー小説
8243053,日本のホームドラマ
2623278,日本のミステリ映画
8097368,日本のミュージカル女優
8318717,日本の上皇
38301,日本の事務用品メーカー
6357049,日本の二国間関係
8110811,日本の人間工学者
38322,日本の伝統
38323,日本の伝統工芸
38324,日本の伝統工芸品
38325,日本の伝統芸能
8318714,日本の体育
55,日本の公安
8151454,日本の公的資格
38365,日本の出版社
8302431,日本の刃物製造業者
38366,日本の分子生物学者
105341,日本の刑法
739321,日本の刑罰
8363533,日本の初等教育
38380,日本の化学工業メーカー
8368759,日本の化粧品ブランド
96665,日本の化粧品メーカー
147398,日本の医事法
38386,日本の医療機関
38397,日本の医療機関_(医育機関)
38401,日本の医療機関_(国立大学法人)
38407,日本の医療機関_(済生会)
8070566,日本の医療機関_(独立行政法人労働者健康安全機構)
3130944,日本の商人
38472,日本の国宝_(工芸品)
38473,日本の国宝_(建造物)
111087,日本の国家資格
38487,日本の国際関係
38488,日本の国際関係史
72468,日本の地名
77,日本の地理関連のスタブ項目
102038,日本の外交_(時代別)
38520,日本の外交官
7932361,日本の多国籍企業
4733691,日本の大学で起きた事件
38554,日本の天皇
50893,日本の女優
38560,日本の女子プロレスラー
8215220,日本の女性アイドル
8097163,日本の女性シンガーソングライター
8225658,日本の女性タレント
8097558,日本の女性ポップ歌手
38563,日本の女性史
8257873,日本の女性実業家
8097072,日本の女性歌手
89075,日本の学校法人の理事長
8063276,日本の家具製作会社
38601,日本の寺の画像
38609,日本の小学校
8297562,日本の小説を原作とする舞台作品
2865211,日本の少年法
38616,日本の少年犯罪
114062,日本の工具メーカー
38634,日本の工業製品メーカー
7573982,日本の廃鉱山
38677,日本の性犯罪
8279606,日本の恋愛ドラマ
76370,日本の恋愛小説
3366910,日本の恋愛映画
38680,日本の情報・通信業
8295744,日本の情報誌
8235781,日本の戦国時代を舞台とした作品
38703,日本の推理小説
6146156,日本の携帯電話メーカー
87742,日本の政治評論家
38738,日本の文化
38741,日本の文化史
8398746,日本の料理用語
8344117,日本の日用品メーカー
8100013,日本の月刊誌
38781,日本の条約
75842,日本の株式会社
8339379,日本の機械要素部品メーカー
8286521,日本の歴史_(時代別)
15,日本の歴史関連のスタブ項目
2259912,日本の民間資格
38841,日本の法令
2585899,日本の法定債権法
38843,日本の法律
38856,日本の消防
8086749,日本の港町
38875,日本の漬物
3462127,日本の犯罪映画
6833300,日本の理容師
8060703,日本の理容美容学校
38901,日本の生化学者
8326499,日本の男性著作家
8301952,日本の画材・書画用品製造業
74919,日本の社会運動
1663512,日本の神_(人物神_戦国大名)
2873545,日本の神_(人物神_源氏)
113049,日本の私立短期大学
38974,日本の精密機器メーカー
7234640,日本の綿織物
195062,日本の縫製
38994,日本の美容師
2969898,日本の美術教育
53732,日本の舞台作品
103661,日本の舞台女優
39034,日本の芸術
90029,日本の英語辞典
8147966,日本の蔵書家
8318723,日本の装身具
39085,日本の誘拐事件
39092,日本の警察
8150109,日本の警察と銃
200076,日本の郵便
8116155,日本の郷土料理
39148,日本の都道府県
39165,日本の金属製品メーカー
39166,日本の金山
119174,日本の防災
8072123,日本の防災組織
8133387,日本の電子部品メーカー
39255,日本の電気機器メーカー
3366883,日本の青春映画
99513,日本の麻酔科医
65519,日本テレビのトーク番組
88393,日本テレビのドキュメンタリー番組
8095257,日本テレビのバラエティ番組の歴史
6330187,日本テレビの一社提供番組
105319,日本テレビの教養番組
8095258,日本テレビの深夜番組の歴史
39327,日本テレビの特撮番組
8060074,日本テレビ日曜10時30分枠の連続ドラマ
8127922,日本・ソロモン諸島関係
39376,日本刀
121770,日本医師会
8352167,日本医療研究開発大賞受賞者
69458,日本大学出身の大相撲力士
127662,日本平
39442,日本文化関連のスタブ項目
8197432,日本産業規格を典拠にしている記事
5406007,日本福音同盟
39465,日本経済新聞社
74183,日本経済新聞社の歴史
39471,日本美術史
8285148,日本語の二言語辞典
119631,日本語の姓
8132703,日本語版記事がリダイレクトの仮リンクを含む記事
202,日本郵政グループ関連のスタブ記事
39517,日本関連一覧
6166497,日本髪
3570227,日活製作の映画作品
39537,日用品
8256802,日経BP社の出版物
39565,日経平均株価
39674,明治時代の政治
39676,明治時代の文化
39679,明治維新
7410408,星座を題材とした作品
39705,映画
1,映画関連のスタブ項目
4711469,春のイベント
8215854,昭和時代戦後の衆議院議員
39782,時計
108668,時計博物館
39808,暗室
3895126,暗殺者を主人公としたアニメ作品
3895030,暗殺者を主人公とした映画作品
3895125,暗殺者を主人公とした漫画作品
9,曖昧さ回避
58055,曖昧さ回避の必要なリンクのあるページ
39831,曲線
30,書きかけの節のある項目
39838,書体
39841,書家
39844,書物
39887,月刊アフタヌーン
39891,月刊コミックアライブ
8370486,月刊コロコロコミックの漫画作品
88447,月刊ヤングジャンプ
96316,月刊少年エースの漫画作品
39931,有害指定された漫画作品
39946,有毒ガス
39948,有毒植物
39966,服飾
39988,朝日新聞に連載された漫画
39989,朝日新聞の記事
51134,朝日新聞出版
39990,朝日新聞社
39991,朝日新聞社のイベント
39993,朝日新聞社の人物
39995,朝日新聞社の歴史
39997,朝日新聞社主催の賞
50947,朝鮮の食文化
8348609,朝鮮の麺料理
40091,木工
40092,木彫
132542,木曜ドラマ9
8072543,木梨憲武
5056166,未決拘禁
8269882,未確認飛行物体を題材としたテレビドラマ
99013,本田技研工業一社提供番組
40224,材料
131374,杭州出身の人物
40273,東ローマ帝国
4321728,東京を舞台としたアニメ作品
4321870,東京を舞台とした漫画作品
8235259,東京臨海副都心を舞台としたテレビドラマ
40366,東京都
53915,東京都の妖怪
8275147,東京都の新聞
40417,東京都の歴史
8387243,東京都の私立大学
2936475,東京都の行政機関
8225687,東京都を舞台としたテレビドラマ
52647,東京都を舞台とした作品
8225689,東京都を舞台とした漫画作品
131,東京都出身の人物
8188161,東京都区部の重要文化財
8081363,東京都区部出身の人物
8090427,東京都指定有形文化財
8348730,東京都港区で製作された映画作品
3571551,東京都港区の企業
5534903,東京都港区の寺
125262,東北地方太平洋沖地震
96204,東大阪市の企業
40567,東宝怪獣
6626102,東急グループ単独提供番組
87159,東成区の企業
40718,東照宮
8331867,東証プライム上場企業
40751,東野圭吾
132430,東野圭吾の小説
339126,東野圭吾原作のテレビドラマ
339106,東野圭吾原作の映画作品
92414,東関部屋
4852535,松前藩
8351476,松本市で製作された映画作品
40876,果物
40917,架空のロボット
40929,架空の剣客
40935,架空の団体
40938,架空の地球外生命体
40951,架空の忍者
40964,架空の武器・兵器
40965,架空の武器・兵器一覧
40970,架空の犬
40980,架空の節足動物
8096058,栃木市の建築物
5425720,栃木市の教育
8381991,栃木市の文化
99418,栃木市の歴史
8300079,栃木県で製作された映画作品
41076,栃木県の博物館
8285878,栃木県の民家
126282,栄誉称号
41178,核磁気共鳴画像法
41200,格闘技関連のスタブ項目
6118529,桃山学院大学出身の人物
6884224,森下佳子脚本のテレビドラマ
41278,植物
5573988,植物に関する文化
89712,植物性油脂
41287,植物関連のスタブ項目
126471,検証が求められている記事/2008年
8315981,検証が求められている記事/2022年
8363509,検証が求められている記事/2023年
8212187,検証が求められている記述のある記事/2020年1月-6月
8329069,検証が求められている記述のある記事/2022年7月-12月
8397739,検証が求められている記述のある記事/2024年1月-6月
41312,業務独占資格
8083038,楽曲_き
8172768,槌
41343,槍
7986146,標識
41357,模型
8397470,横手美智子のシナリオ作品
41466,機器
41467,機械
41469,機械工作
41470,機械工学
8379423,機械換気_(医学)
41472,機械要素
8348043,機構_(工学)
8309714,機能不全家族を題材とした映画作品
76534,歌舞伎用語
8138396,歌舞伎町を舞台とした映画作品
8223956,歌舞伎町を舞台とした漫画作品
8177439,正一位受位者
41529,正月
41531,正確性
8347195,武上純希のシナリオ作品
8347204,武上純希脚本のテレビドラマ
41539,武器
13,武器・兵器関連のスタブ
8229627,武士を題材にした漫画作品
41563,歩行
8174894,歩行者空間
41565,歯
41569,歯学関連のスタブ項目
8340221,歯科器具
8338805,歯科材料
60478,歯車
124609,歴史の人物を題材とした作品
8093010,死を題材とした絵画
99357,死因
8317224,段組みにテーブルを使用している記事
107073,毎日放送の深夜ドラマ
41642,毎日放送の特撮番組
93097,毎日放送製作の映画
41651,毒
41655,毒をもつ魚類
7235203,毛織物
41687,民具
41701,民族衣装
106648,民話・童話を題材とした作品
41713,民間療法
41750,気象災害
8378599,気道確保
41756,水
89364,水難事故
92236,江戸幕府の征夷大将軍
96859,江戸幕府大老
96918,江戸幕府町奉行
41885,江戸時代
41892,江戸時代の建築
8092092,江戸時代の漂流者
8312778,江戸時代の甲斐国
8119403,江戸時代の貨幣
77545,江戸時代を舞台とした作品
8123065,沖縄県の農業
42022,沖縄県の食文化
42044,河内源氏
5277777,油糧作物
42084,油脂
8305970,治承・寿永の乱の人物
42124,法
42130,法則
42133,法医学
67,法関連のスタブ項目
42160,洋菓子
63663,洗剤
42166,洗濯
6411148,洗濯・理容・美容・浴場業
42189,津波
42205,流体力学
85177,浄土宗の寺院
8144123,浜田幸一
8386421,浦沢義雄脚本のテレビドラマ
42288,浮世絵
8270642,海上における儀式と儀礼
42292,海上保安庁
8201678,海苔
42348,海軍
89341,海難
4739807,消しゴム
42362,消防
8220619,消防士を主人公としたテレビドラマ
42385,深夜特撮
4050474,深川栄洋の監督映画
76813,渋谷区の企業
42459,渡島国
8118113,渡辺俊幸が制作した楽曲
8162744,源氏将軍家
8303793,源義朝の子女
8162334,源頼朝
8303564,源頼義
42568,溶接
42679,演劇
42687,演芸
42698,漢方薬
91499,漫画のスピンオフ作品
42722,漫画の登場人物の一覧
117313,漫画を原作とするアニメ作品
1778403,漫画を原作とするテレビドラマ
1778405,漫画を原作とする映画作品
42735,漫画作品_あ
42736,漫画作品_い
42743,漫画作品_け
42744,漫画作品_こ
42750,漫画作品_た
42752,漫画作品_つ
42755,漫画作品_な
42762,漫画作品_ふ
42763,漫画作品_へ
42765,漫画作品_ま
42767,漫画作品_む
42768,漫画作品_め
42770,漫画作品_や
42777,漫画作品_ろ
42792,漫画関連のスタブ項目
4934687,潤滑剤
42857,災害
83452,災害を題材とした作品
8215233,災害・防災博物館
42860,災害復興
42862,災害救助
42863,災害関連のスタブ
42872,点字
42873,点心
5448930,無効な出典が含まれている記事/2014年
6988715,無効な出典が含まれている記事/2015年
8123198,無効な出典が含まれている記事/2019年
8212217,無効な出典が含まれている記事/2020年
8256957,無効な出典が含まれている記事/2021年
8363814,無効な出典が含まれている記事/2023年
2515344,無形文化遺産
2756239,無機物の擬人化
63398,無神論者
8258619,無線測位
43022,熱処理
43033,燃料
8135757,爆竜戦隊アバレンジャー
72503,爪
111956,牙狼-GARO-
43069,物理化学の現象
43082,物質
8228199,物質乱用
72368,特別刑法
43132,特撮テレビ番組
8374023,特種用途自動車
5227661,特筆性の基準を満たしていないおそれのある記事/2013年11月
7950457,特筆性の基準を満たしていないおそれのある記事/2015年10月
8197807,特筆性の基準を満たしていないおそれのある記事/2019年9月
8234001,特筆性の基準を満たしていないおそれのある記事/2020年7月
8330966,特筆性の基準を満たしていないおそれのある記事/2022年4月
43148,特許法
43149,犬
3689408,犯罪を題材としたテレビドラマ
3689368,犯罪を題材とした漫画作品
7778712,独自研究の除去が必要な節のある記事/2010年
4737933,独自研究の除去が必要な節のある記事/2012年1月-6月
7629246,独自研究の除去が必要な節のある記事/2015年7月-12月
8066814,独自研究の除去が必要な節のある記事/2016年1月-6月
8120641,独自研究の除去が必要な節のある記事/2018年7月-12月
8234147,独自研究の除去が必要な節のある記事/2020年7月-12月
8398045,独自研究の除去が必要な節のある記事/2021年7月-12月
8398051,独自研究の除去が必要な節のある記事/2022年1月-6月
4742824,独自研究の除去が必要な記事/2009年10月-12月
4742829,独自研究の除去が必要な記事/2009年4月-6月
4742818,独自研究の除去が必要な記事/2009年7月-9月
5342483,独自研究の除去が必要な記事/2013年12月
5988321,独自研究の除去が必要な記事/2014年6月
6184759,独自研究の除去が必要な記事/2014年8月
7949941,独自研究の除去が必要な記事/2015年10月
8061219,独自研究の除去が必要な記事/2015年12月
7205943,独自研究の除去が必要な記事/2015年3月
8097137,独自研究の除去が必要な記事/2016年11月
8102861,独自研究の除去が必要な記事/2017年1月
8107858,独自研究の除去が必要な記事/2017年3月
8113096,独自研究の除去が必要な記事/2017年5月
8119207,独自研究の除去が必要な記事/2017年7月
8163970,独自研究の除去が必要な記事/2018年11月
8140689,独自研究の除去が必要な記事/2018年3月
8158036,独自研究の除去が必要な記事/2018年9月
8197803,独自研究の除去が必要な記事/2019年9月
8252913,独自研究の除去が必要な記事/2020年12月
8226288,独自研究の除去が必要な記事/2020年5月
8301922,独自研究の除去が必要な記事/2021年10月
8309800,独自研究の除去が必要な記事/2021年12月
8284099,独自研究の除去が必要な記事/2021年6月
8358880,独自研究の除去が必要な記事/2022年12月
8398075,独自研究の除去が必要な記述のある記事/2021年7月-12月
8398079,独自研究の除去が必要な記述のある記事/2022年1月-6月
8398082,独自研究の除去が必要な記述のある記事/2022年7月-12月
5484332,猟奇映画
51104,獣医学関連のスタブ項目
43298,理容
8060720,理容室・美容院
111198,理容師
54136,理美容
5115381,環境デザイナー
43376,生化学
81092,生年不明
83526,生年非公表
43389,生殖器
43390,生活
67161,生物材料
43419,生理学
43423,生薬
43432,産業
43442,用語一覧
8235977,用途別の自動車
8235146,用途別の船
118545,用途別の道具
8150888,田中れいな
6108438,甲州市の地理
51467,甲斐国
8077711,甲斐武田氏
43525,画像処理
4,画像提供依頼
43531,画材
43544,畜産物
8148118,異世界への転生・転移を題材とした作品
115831,病院船
43559,症候
115740,症候群
7460551,発明
43569,発酵食品
114063,登山用品
52676,登録商標
43626,白身魚
2401698,白黒映画
2207352,皇室御用達の業者
8187183,皮膚の色
43658,皮膚疾患
43659,皮膚科学
97144,盆栽
8061548,盛土
43682,目
43704,相撲
50895,相模国の人物
43769,眼鏡
43813,知識
43819,短期大学関連のスタブ項目
1123839,石川県発祥の企業
43963,石油
1203216,石鹸
8385670,研磨
8099872,磁器
44013,磁石
44028,社会
93421,社会主義国
8221109,社会問題を題材としたアニメ作品
8221105,社会問題を題材としたテレビドラマ
8221104,社会問題を題材とした漫画作品
44052,社会法
44054,社会的少数者
44063,社会運動団体
44073,神仏習合
8320773,神功皇后を祭神とした神社
44081,神奈川県
64021,神奈川県にある国指定の史跡
8264430,神奈川県の国宝
44129,神奈川県の歴史
44162,神奈川県出身の人物
8121084,神奈川県指定有形文化財
44263,神祭具
44300,神道
44308,神道関連のスタブ項目
57835,禁酒
44421,福岡市
69071,福岡市の企業
44428,福岡市の区
5625926,福岡市の地理
5429302,福岡市の町・字
44438,福岡市出身の人物
71420,福岡県の地域
44480,福岡県の市町村
8244755,福岡県の新聞
117178,福祉の理念
116942,福祉用具
8183065,福音館書店
44668,秀逸な記事
5664241,秤
8198598,移動保護中のページ
44838,穀物加工品
128067,空中戦闘機動
44861,空気調和設備
8347122,笠間市で製作された映画作品
8391009,第2周期元素
8391015,第4周期元素
8391043,第9族元素
8100619,第一種感染症指定医療機関
8138609,第二次性徴
8100620,第二種感染症指定医療機関
4746899,筆
53401,筆記具
44998,筆記媒体
51474,筑前国
45043,箱
8248574,箱を題材とした作品
8258791,箸
45060,節足動物
45061,節足動物の体
45086,米料理
5177263,粉砕
67292,粘着テープ
8208461,粟田口派の日本刀
8375604,精神障害を題材とした漫画作品
7235334,糸
8362734,糸杉柾宏の漫画作品
45512,紅茶
45519,紙
45522,紙細工
127930,紙製品
86122,紫外線
8218352,経歴が年譜のみになっている人物記事
45562,経済に関するメディア
8357380,経済協力開発機構加盟国
79910,結婚式
45622,絵画
8166394,継手
45638,継続中の作品
8374461,継続中の番組
8245790,緊急通信
7900101,締結_(機械要素)
8198595,編集半保護中のページ
8228060,編集拡張半保護中のページ
45693,縁起物
45698,縫製
8052597,繊維植物
57102,繊維関連のスタブ項目
45707,織豊政権の大名
57540,缶
45715,美
45730,美容
90960,美容師
108194,美容師を題材とした作品
3049493,美容師養成施設_(短期大学)
126936,美容関連の人物
45734,美少女戦士セーラームーン
45735,美少女戦士セーラームーンの登場人物
91395,美少女戦士セーラームーンの音楽
45773,美術の技法
8300010,群馬県で製作された映画作品
45915,習俗
451492,翻訳中途_-_2009年
8354681,翻訳中途_-_2022年11月
45933,考古学
59047,聖書の語句
79731,職業別の女性
6613023,職業病
117290,職業訓練の分野
8371670,肉歯目
5583830,肉食動物
45989,育児用品
46015,脂肪酸
46016,脂質
8171557,脚フェティシズム
46031,腎臓学
5459169,腐食
109683,臨床工学技士
46061,自動車の歴史
4275522,自動車の画像提供依頼
46063,自動車の車種
46076,自動車メーカー・ブランド
46081,自動車安全技術
46085,自動車工学
46094,自動車画像
46098,自動車部品
107,自動車関連のスタブ項目
8367513,自殺した日本の人物
8157767,自殺の方法
46112,自然史
4833681,自由民主党の衆議院議員
46141,自衛隊
46157,自転車用工具
46166,自転車部品
78726,舞台
199,舞台芸術関連のスタブ
46189,航海術
14,航空スタブ
46197,航空事故
46208,航空機
46212,航空機の構成要素
46226,航空自衛隊
88657,航空自衛隊の装備品
46228,航空自衛隊の部隊
66183,船
7819216,船場
86214,良質な記事
46259,色素
124793,芝公園
46309,芸能
8103702,芸能人の画像提供依頼
46321,芸術
2283373,英米法系
8285144,英語の二言語辞典
89957,英語の語句
8007299,英語版ウィキペディアからの翻訳を必要とする記事
8300011,茨城県で製作された映画作品
46466,茶
46469,茶道
46470,茶道具
8234879,荒川区を舞台としたテレビドラマ
87551,荒川区を舞台とした作品
8344133,荒川稔久脚本のテレビドラマ
4254118,菊川市の歴史
3026552,落馬事故死した人物
46551,葉菜
8173860,葦プロダクション
8330792,葦プロダクションの人物
46626,薬学
46627,薬学関連のスタブ項目
8221019,薬物を題材とした漫画作品
52762,藍綬褒章受章者
89086,蜂蜜
46701,蜜蜂
7011145,蝋
46707,血液
5589240,血管外科学
46737,術式
71072,衛星測位システム
46749,衛生
78495,衛生材料
46755,衣類
46779,裁判
126779,裁縫道具
46792,装身具
46798,補助艦船
2924059,製品
6314159,製図用具
46809,製造
8098523,製造品
46810,製造業
78863,複数誌並行連載の漫画作品
8238323,西山国師遺跡霊場
108758,解毒剤
8329114,言葉を濁した記述のある記事/2018年
8377958,言葉を濁した記述のある記事/2023年6月
7784876,言葉を濁した記述のある記事_(いつ)/2012年7月-12月
8120886,言葉を濁した記述のある記事_(いつ)/2013年1月-5月
8120562,言葉を濁した記述のある記事_(いつ)/2014年9月-12月
8120454,言葉を濁した記述のある記事_(いつ)/2015年4月-6月
8146546,言葉を濁した記述のある記事_(いつ)/2018年5月-6月
8249815,言葉を濁した記述のある記事_(いつ)/2020年11月-12月
8226572,言葉を濁した記述のある記事_(いつ)/2020年5月-6月
8241140,言葉を濁した記述のある記事_(いつ)/2020年9月-10月
8329047,言葉を濁した記述のある記事_(いつ)/2021年5月-6月
8329049,言葉を濁した記述のある記事_(いつ)/2021年7月-8月
8348340,言葉を濁した記述のある記事_(いつ)/2022年9月-10月
8389482,言葉を濁した記述のある記事_(いつ)/2023年11月-12月
8384963,言葉を濁した記述のある記事_(いつ)/2023年9月-10月
3180355,言葉を濁した記述のある記事_(どこ)/2012年
8212190,言葉を濁した記述のある記事_(どこ)/2020年
8396225,言葉を濁した記述のある記事_(どこ)/2024年
8212211,言葉を濁した記述のある記事_(誰)/2020年
8364042,言葉を濁した記述のある記事_(誰)/2023年
8159993,言語学用語
47056,言語学関連のスタブ
47067,計測機器
47104,診断と治療
47128,認証技術
89951,語句
2381955,語句の一覧
8150780,語彙意味論
3026992,説明が求められている文章がある記事
47178,調理
47179,調理器具
8202027,調理容器
47180,調理法
47208,講談社
2677121,講談社ラノベ文庫
47214,識別子
47215,譜代大名
47217,警察
60300,警視庁
47243,豆類
8348743,豊島区で製作された映画作品
4999293,財産刑
5996443,貧困関連の組織
8129279,販促品
47354,資生堂
8368751,資生堂のブランド
47359,質量
8168588,贈与
47368,赤十字
47409,超!A&G+
6173468,超常現象関連のスタブ
2859770,超能力を題材としたアニメ作品
3552431,超能力を題材としたテレビドラマ
2859769,超能力を題材とした漫画作品
47454,足
8293150,足フェティシズム
8293287,足技
4330068,足湯
47476,蹴り技
47481,身体装飾
83897,車椅子
8082877,車輪
47503,軍事
5762862,軍事医療
5,軍事航空スタブ
47516,軍事関連のスタブ
47518,軍人
47535,軍艦の一覧
3602018,転生を題材としたアニメ作品
3602039,転生を題材とした小説
3602017,転生を題材とした漫画作品
59752,軸受
8275344,輸液
8257137,輸送コンテナ
47568,輸送機器
47577,農具
47595,農業関連のスタブ項目
8317308,近親相姦を題材としたアニメ作品
8108981,近親相姦を題材とした映画作品
8153156,近親相姦を題材とした漫画作品
47699,造船
47717,週刊ヤングサンデー
96869,週刊ヤングジャンプの漫画作品
75660,週刊少年ジャンプの漫画作品
77585,週刊少年マガジンの漫画作品
47748,運動器
3039973,過去にあった日本の中学校教員養成機関_(短期大学)
3474037,過去のAKB48グループ所属者
47761,過去のアップフロント所属者
47770,過去のハロー!プロジェクト所属者
47792,道具
1835416,道具を題材とした作品
47825,遭難
125245,遷移金属
5565439,遺伝子発現
47837,遺構
47886,部派仏教
68500,都市の建設者
47943,都道府県庁所在地
47954,都道府県警察
47958,配管
47968,酪農
47969,酵素
47971,酸化剤
6895939,重要文化財_(建造物)
48004,野外活動
48084,金属
48085,金属加工
8343242,金属加工関連の企業
8060990,金属加工関連の職業
8069996,金属工学
7825193,金属工芸
48087,金属材料
8301998,金属製品
82114,金沢市の歴史
48145,釣りの対象魚
48147,釣りバカ日誌シリーズ
48151,釣り餌
48175,鉄
48232,鉄道車両における動力の伝達方式
48247,鉄道運賃と切符
48253,鉄道駅
2009931,銃剣
48291,銃器メーカー
48304,鋳造
48307,鋼
48321,録音
8348439,鎌倉市で製作された映画作品
85761,鎌倉市の歴史
8272164,鎌倉市の神社
8208073,鎌倉市の重要文化財
92239,鎌倉幕府の征夷大将軍
92254,鎌倉幕府の連署
4934226,鎌倉幕府将軍の御台所
48344,鎌倉時代
8125367,鎌倉時代の外国人
8316897,鎌倉時代の天皇
6006903,鎌倉時代の女性
48352,鎌倉時代の武士
7926582,鎖
48355,鏡
8096650,長崎県災害拠点病院
8208463,長船派の日本刀
8392689,長谷川圭一脚本のテレビドラマ
48634,閉曲面
125185,関市の企業
121909,関市の歴史
2792239,関根勤
2894184,関連項目が多過ぎる記事
48787,防災
48789,防災用品
7149586,防災系資格
48790,防災組織
48841,院政
48842,陣屋
48853,陶磁器メーカー
48855,陶芸
48867,陸上自衛隊
48870,陸上自衛隊の職種
93565,陸上自衛隊の衛生科装備
93563,陸上自衛隊の需品科装備
3618064,集合住宅を舞台とした漫画作品
8094510,集英社のアニメ作品
7725342,雑多な内容を箇条書きした節のある記事_-_2013年1月-5月
8063531,雑多な内容を箇条書きした節のある記事_-_2014年1月-6月
8113092,雑多な内容を箇条書きした節のある記事_-_2017年5月
8150164,雑多な内容を箇条書きした節のある記事_-_2018年7月
8205738,雑多な内容を箇条書きした節のある記事_-_2019年11月
8211761,雑多な内容を箇条書きした節のある記事_-_2020年1月
8218864,雑多な内容を箇条書きした節のある記事_-_2020年3月
8330958,雑多な内容を箇条書きした節のある記事_-_2022年4月
8394722,雑多な内容を箇条書きした節のある記事_-_2024年1月
48940,雨具
7809482,雪を題材とした作品
66711,雷
49026,電磁気学
7639412,電解加工
8097207,電通のアニメ作品
49036,震度階級
3558193,霊を題材としたテレビドラマ
49039,霊媒師
52419,霊能者
74188,霞が関
49084,青森県
49126,青森県の文化
6829282,青森県の経済
7344550,青森県の象徴
49164,青森県出身の大相撲力士
8386472,青森県立弘前実業高等学校出身の大相撲力士
8068775,静岡市の博物館
8322560,静岡市の重要文化財
8265428,静岡県の国宝
49243,静岡県の歴史
49249,静岡県の神社
62845,静岡県の観光地
75252,静脈
49288,静電気
8208804,非常用システム
49296,非政府組織
49306,靴
49307,靴下
8170963,韓国のコンビニエンスストア
4850769,韓国のミステリ映画
8368745,韓国の化粧品メーカー・ブランド
8062390,音を題材とした作品
38314,音楽関連のスタブ
49556,音泉
8086773,音響
89019,顔
106304,飛べる未確認動物
49635,食品
49642,食器
49644,食文化
8114457,食文化に関する人物
1176528,食文化に関する日本のイベント
49645,食文化関連のスタブ項目
89709,食用油脂
49653,食用海藻
49654,食用甲殻類
8139546,飯塚健の監督映画
8182746,飲食に関する賞
49691,飴
2440040,養成学校を舞台とした作品
109418,養成施設
8389710,首藤剛志のシナリオ作品
105198,香水
49909,馬
8102923,駿河区の建築物
5684546,駿河区の歴史
50665,駿河国の人物
49945,骨折
3486781,高等学校を舞台としたアニメ作品
3556930,高等学校を舞台としたテレビドラマ
3490177,高等学校を舞台とした小説
3486780,高等学校を舞台とした漫画作品
50175,髪
50176,髪型
8337944,魔女を題材としたアニメ作品
8337957,魔女を題材としたテレビドラマ
8337941,魔女を題材とした漫画作品
8130158,魔法のプリンセス_ミンキーモモ
71244,魔法少女
50193,魔法少女アニメ
8248937,魚卵料理
50212,魚類関連のスタブ項目
80972,鳥山石燕の妖怪
8316506,鳥羽天皇の子女
50318,鳥類
50327,鳥類学者
50329,鳥類関連のスタブ項目
8391333,鶴岡八幡宮
8391657,鷺山京子のシナリオ作品
8122561,鹿児島県の農業
122190,麦わらの一味
50494,麺料理
50501,麻酔科学
50503,麻雀
113877,黄綬褒章受章者
90339,鼻
